id,name,sku,price,category,brand,powerRating,modelNumber,energyRating,efficiency,descriptionShort,descriptionFull,additionalInfo,imageUrl
sample_1,Samsung 4-Door French Door Refrigerator,ETL-SAMPLE_1,180,Appliances,Samsung,180W,sample_1,A+,High,Professional Appliances - Samsung Samsung 4-Door French Door Refrigerator. Energy-efficient design with 180W power rating.,"The Samsung 4-Door French Door Refrigerator is a professional-grade Appliances designed for maximum efficiency and performance. This Samsung product delivers exceptional performance while maintaining low operating costs. Features include advanced technology, intelligent controls, and comprehensive safety systems. Perfect for both commercial and residential applications requiring reliable, efficient operation. Energy rating: A, Efficiency: High.",Power Rating: 180W,Energy Rating: A,Efficiency: High,Brand: Samsung,Category: Appliances,Model: sample_1,Professional installation recommended,Comprehensive warranty included,https://via.placeholder.com/600x400/2d7a5f/ffffff?text=Samsung%204-Door%20French%20Door%20Refrigerator
sample_2,LG Front Load Washer,ETL-SAMPLE_2,500,Appliances,LG,500W,sample_2,A++,High,Professional Appliances - LG LG Front Load Washer. Energy-efficient design with 500W power rating.,"The LG Front Load Washer is a professional-grade Appliances designed for maximum efficiency and performance. This LG product delivers exceptional performance while maintaining low operating costs. Features include advanced technology, intelligent controls, and comprehensive safety systems. Perfect for both commercial and residential applications requiring reliable, efficient operation. Energy rating: A, Efficiency: High.",Power Rating: 500W,Energy Rating: A,Efficiency: High,Brand: LG,Category: Appliances,Model: sample_2,Professional installation recommended,Comprehensive warranty included,https://via.placeholder.com/600x400/2d7a5f/ffffff?text=LG%20Front%20Load%20Washer
sample_3,Bosch Dishwasher,ETL-SAMPLE_3,155,Appliances,Bosch,155W,sample_3,A+,High,Professional Appliances - Bosch Bosch Dishwasher. Energy-efficient design with 155W power rating.,"The Bosch Dishwasher is a professional-grade Appliances designed for maximum efficiency and performance. This Bosch product delivers exceptional performance while maintaining low operating costs. Features include advanced technology, intelligent controls, and comprehensive safety systems. Perfect for both commercial and residential applications requiring reliable, efficient operation. Energy rating: A, Efficiency: High.",Power Rating: 155W,Energy Rating: A,Efficiency: High,Brand: Bosch,Category: Appliances,Model: sample_3,Professional installation recommended,Comprehensive warranty included,https://via.placeholder.com/600x400/2d7a5f/ffffff?text=Bosch%20Dishwasher
sample_4,Philips LED Bulb 9W,ETL-SAMPLE_4,9,Lighting,Philips,9W,sample_4,A+,High,Professional Lighting - Philips Philips LED Bulb 9W. Energy-efficient design with 9W power rating.,"The Philips LED Bulb 9W is a professional-grade Lighting designed for maximum efficiency and performance. This Philips product delivers exceptional performance while maintaining low operating costs. Features include advanced technology, intelligent controls, and comprehensive safety systems. Perfect for both commercial and residential applications requiring reliable, efficient operation. Energy rating: A, Efficiency: High.",Power Rating: 9W,Energy Rating: A,Efficiency: High,Brand: Philips,Category: Lighting,Model: sample_4,Professional installation recommended,Comprehensive warranty included,https://via.placeholder.com/600x400/2d7a5f/ffffff?text=Philips%20LED%20Bulb%209W
sample_5,Nest Learning Thermostat,ETL-SAMPLE_5,3,Smart Home,Nest,3W,sample_5,A+,High,Professional Smart Home - Nest Nest Learning Thermostat. Energy-efficient design with 3W power rating.,"The Nest Learning Thermostat is a professional-grade Smart Home designed for maximum efficiency and performance. This Nest product delivers exceptional performance while maintaining low operating costs. Features include advanced technology, intelligent controls, and comprehensive safety systems. Perfect for both commercial and residential applications requiring reliable, efficient operation. Energy rating: A, Efficiency: High.",Power Rating: 3W,Energy Rating: A,Efficiency: High,Brand: Nest,Category: Smart Home,Model: sample_5,Professional installation recommended,Comprehensive warranty included,https://via.placeholder.com/600x400/2d7a5f/ffffff?text=Nest%20Learning%20Thermostat
sample_6,Dyson V15 Detect,ETL-SAMPLE_6,240,Appliances,Dyson,240W,sample_6,A,Medium,Professional Appliances - Dyson Dyson V15 Detect. Energy-efficient design with 240W power rating.,"The Dyson V15 Detect is a professional-grade Appliances designed for maximum efficiency and performance. This Dyson product delivers exceptional performance while maintaining low operating costs. Features include advanced technology, intelligent controls, and comprehensive safety systems. Perfect for both commercial and residential applications requiring reliable, efficient operation. Energy rating: A, Efficiency: Medium.",Power Rating: 240W,Energy Rating: A,Efficiency: Medium,Brand: Dyson,Category: Appliances,Model: sample_6,Professional installation recommended,Comprehensive warranty included,https://via.placeholder.com/600x400/2d7a5f/ffffff?text=Dyson%20V15%20Detect
sample_7,Instant Pot Duo,ETL-SAMPLE_7,1000,Appliances,Instant Pot,1000W,sample_7,A,Medium,Professional Appliances - Instant Pot Instant Pot Duo. Energy-efficient design with 1000W power rating.,"The Instant Pot Duo is a professional-grade Appliances designed for maximum efficiency and performance. This Instant Pot product delivers exceptional performance while maintaining low operating costs. Features include advanced technology, intelligent controls, and comprehensive safety systems. Perfect for both commercial and residential applications requiring reliable, efficient operation. Energy rating: A, Efficiency: Medium.",Power Rating: 1000W,Energy Rating: A,Efficiency: Medium,Brand: Instant Pot,Category: Appliances,Model: sample_7,Professional installation recommended,Comprehensive warranty included,https://via.placeholder.com/600x400/2d7a5f/ffffff?text=Instant%20Pot%20Duo
sample_8,Ring Video Doorbell,ETL-SAMPLE_8,2,Smart Home,Ring,2W,sample_8,A+,High,Professional Smart Home - Ring Ring Video Doorbell. Energy-efficient design with 2W power rating.,"The Ring Video Doorbell is a professional-grade Smart Home designed for maximum efficiency and performance. This Ring product delivers exceptional performance while maintaining low operating costs. Features include advanced technology, intelligent controls, and comprehensive safety systems. Perfect for both commercial and residential applications requiring reliable, efficient operation. Energy rating: A, Efficiency: High.",Power Rating: 2W,Energy Rating: A,Efficiency: High,Brand: Ring,Category: Smart Home,Model: sample_8,Professional installation recommended,Comprehensive warranty included,https://via.placeholder.com/600x400/2d7a5f/ffffff?text=Ring%20Video%20Doorbell
sample_9,Echo Dot 4th Gen,ETL-SAMPLE_9,3,Smart Home,Amazon,3W,sample_9,A+,High,Professional Smart Home - Amazon Echo Dot 4th Gen. Energy-efficient design with 3W power rating.,"The Echo Dot 4th Gen is a professional-grade Smart Home designed for maximum efficiency and performance. This Amazon product delivers exceptional performance while maintaining low operating costs. Features include advanced technology, intelligent controls, and comprehensive safety systems. Perfect for both commercial and residential applications requiring reliable, efficient operation. Energy rating: A, Efficiency: High.",Power Rating: 3W,Energy Rating: A,Efficiency: High,Brand: Amazon,Category: Smart Home,Model: sample_9,Professional installation recommended,Comprehensive warranty included,https://via.placeholder.com/600x400/2d7a5f/ffffff?text=Echo%20Dot%204th%20Gen
sample_10,Apple HomePod Mini,ETL-SAMPLE_10,2,Smart Home,Apple,2W,sample_10,A+,High,Professional Smart Home - Apple Apple HomePod Mini. Energy-efficient design with 2W power rating.,"The Apple HomePod Mini is a professional-grade Smart Home designed for maximum efficiency and performance. This Apple product delivers exceptional performance while maintaining low operating costs. Features include advanced technology, intelligent controls, and comprehensive safety systems. Perfect for both commercial and residential applications requiring reliable, efficient operation. Energy rating: A, Efficiency: High.",Power Rating: 2W,Energy Rating: A,Efficiency: High,Brand: Apple,Category: Smart Home,Model: sample_10,Professional installation recommended,Comprehensive warranty included,https://via.placeholder.com/600x400/2d7a5f/ffffff?text=Apple%20HomePod%20Mini
sample_11,Google Nest Hub,ETL-SAMPLE_11,2,Smart Home,Google,2W,sample_11,A+,High,Professional Smart Home - Google Google Nest Hub. Energy-efficient design with 2W power rating.,"The Google Nest Hub is a professional-grade Smart Home designed for maximum efficiency and performance. This Google product delivers exceptional performance while maintaining low operating costs. Features include advanced technology, intelligent controls, and comprehensive safety systems. Perfect for both commercial and residential applications requiring reliable, efficient operation. Energy rating: A, Efficiency: High.",Power Rating: 2W,Energy Rating: A,Efficiency: High,Brand: Google,Category: Smart Home,Model: sample_11,Professional installation recommended,Comprehensive warranty included,https://via.placeholder.com/600x400/2d7a5f/ffffff?text=Google%20Nest%20Hub
sample_12,Samsung SmartThings Hub,ETL-SAMPLE_12,2,Smart Home,Samsung,2W,sample_12,A+,High,Professional Smart Home - Samsung Samsung SmartThings Hub. Energy-efficient design with 2W power rating.,"The Samsung SmartThings Hub is a professional-grade Smart Home designed for maximum efficiency and performance. This Samsung product delivers exceptional performance while maintaining low operating costs. Features include advanced technology, intelligent controls, and comprehensive safety systems. Perfect for both commercial and residential applications requiring reliable, efficient operation. Energy rating: A, Efficiency: High.",Power Rating: 2W,Energy Rating: A,Efficiency: High,Brand: Samsung,Category: Smart Home,Model: sample_12,Professional installation recommended,Comprehensive warranty included,https://via.placeholder.com/600x400/2d7a5f/ffffff?text=Samsung%20SmartThings%20Hub
sample_13,Philips Hue Bridge,ETL-SAMPLE_13,1,Smart Home,Philips,1W,sample_13,A+,High,Professional Smart Home - Philips Philips Hue Bridge. Energy-efficient design with 1W power rating.,"The Philips Hue Bridge is a professional-grade Smart Home designed for maximum efficiency and performance. This Philips product delivers exceptional performance while maintaining low operating costs. Features include advanced technology, intelligent controls, and comprehensive safety systems. Perfect for both commercial and residential applications requiring reliable, efficient operation. Energy rating: A, Efficiency: High.",Power Rating: 1W,Energy Rating: A,Efficiency: High,Brand: Philips,Category: Smart Home,Model: sample_13,Professional installation recommended,Comprehensive warranty included,https://via.placeholder.com/600x400/2d7a5f/ffffff?text=Philips%20Hue%20Bridge
sample_14,Wemo Smart Plug,ETL-SAMPLE_14,1,Smart Home,Belkin,1W,sample_14,A+,High,Professional Smart Home - Belkin Wemo Smart Plug. Energy-efficient design with 1W power rating.,"The Wemo Smart Plug is a professional-grade Smart Home designed for maximum efficiency and performance. This Belkin product delivers exceptional performance while maintaining low operating costs. Features include advanced technology, intelligent controls, and comprehensive safety systems. Perfect for both commercial and residential applications requiring reliable, efficient operation. Energy rating: A, Efficiency: High.",Power Rating: 1W,Energy Rating: A,Efficiency: High,Brand: Belkin,Category: Smart Home,Model: sample_14,Professional installation recommended,Comprehensive warranty included,https://via.placeholder.com/600x400/2d7a5f/ffffff?text=Wemo%20Smart%20Plug
sample_15,TP-Link Kasa Smart Plug,ETL-SAMPLE_15,1,Smart Home,TP-Link,1W,sample_15,A+,High,Professional Smart Home - TP-Link TP-Link Kasa Smart Plug. Energy-efficient design with 1W power rating.,"The TP-Link Kasa Smart Plug is a professional-grade Smart Home designed for maximum efficiency and performance. This TP-Link product delivers exceptional performance while maintaining low operating costs. Features include advanced technology, intelligent controls, and comprehensive safety systems. Perfect for both commercial and residential applications requiring reliable, efficient operation. Energy rating: A, Efficiency: High.",Power Rating: 1W,Energy Rating: A,Efficiency: High,Brand: TP-Link,Category: Smart Home,Model: sample_15,Professional installation recommended,Comprehensive warranty included,https://via.placeholder.com/600x400/2d7a5f/ffffff?text=TP-Link%20Kasa%20Smart%20Plug
sample_16,"Samsung 55"" QLED TV",ETL-SAMPLE_16,120,Appliances,Samsung,120W,sample_16,A,Medium,"Professional Appliances - Samsung Samsung 55"" QLED TV. Energy-efficient design with 120W power rating.","The Samsung 55"" QLED TV is a professional-grade Appliances designed for maximum efficiency and performance. This Samsung product delivers exceptional performance while maintaining low operating costs. Features include advanced technology, intelligent controls, and comprehensive safety systems. Perfect for both commercial and residential applications requiring reliable, efficient operation. Energy rating: A, Efficiency: Medium.",Power Rating: 120W,Energy Rating: A,Efficiency: Medium,Brand: Samsung,Category: Appliances,Model: sample_16,Professional installation recommended,Comprehensive warranty included,https://via.placeholder.com/600x400/2d7a5f/ffffff?text=Samsung%2055%22%20QLED%20TV
sample_17,"LG 65"" OLED TV",ETL-SAMPLE_17,150,Appliances,LG,150W,sample_17,A,Medium,"Professional Appliances - LG LG 65"" OLED TV. Energy-efficient design with 150W power rating.","The LG 65"" OLED TV is a professional-grade Appliances designed for maximum efficiency and performance. This LG product delivers exceptional performance while maintaining low operating costs. Features include advanced technology, intelligent controls, and comprehensive safety systems. Perfect for both commercial and residential applications requiring reliable, efficient operation. Energy rating: A, Efficiency: Medium.",Power Rating: 150W,Energy Rating: A,Efficiency: Medium,Brand: LG,Category: Appliances,Model: sample_17,Professional installation recommended,Comprehensive warranty included,https://via.placeholder.com/600x400/2d7a5f/ffffff?text=LG%2065%22%20OLED%20TV
sample_18,"Sony 75"" 4K TV",ETL-SAMPLE_18,180,Appliances,Sony,180W,sample_18,A,Medium,"Professional Appliances - Sony Sony 75"" 4K TV. Energy-efficient design with 180W power rating.","The Sony 75"" 4K TV is a professional-grade Appliances designed for maximum efficiency and performance. This Sony product delivers exceptional performance while maintaining low operating costs. Features include advanced technology, intelligent controls, and comprehensive safety systems. Perfect for both commercial and residential applications requiring reliable, efficient operation. Energy rating: A, Efficiency: Medium.",Power Rating: 180W,Energy Rating: A,Efficiency: Medium,Brand: Sony,Category: Appliances,Model: sample_18,Professional installation recommended,Comprehensive warranty included,https://via.placeholder.com/600x400/2d7a5f/ffffff?text=Sony%2075%22%204K%20TV
sample_19,Panasonic Microwave,ETL-SAMPLE_19,1200,Appliances,Panasonic,1200W,sample_19,A,Medium,Professional Appliances - Panasonic Panasonic Microwave. Energy-efficient design with 1200W power rating.,"The Panasonic Microwave is a professional-grade Appliances designed for maximum efficiency and performance. This Panasonic product delivers exceptional performance while maintaining low operating costs. Features include advanced technology, intelligent controls, and comprehensive safety systems. Perfect for both commercial and residential applications requiring reliable, efficient operation. Energy rating: A, Efficiency: Medium.",Power Rating: 1200W,Energy Rating: A,Efficiency: Medium,Brand: Panasonic,Category: Appliances,Model: sample_19,Professional installation recommended,Comprehensive warranty included,https://via.placeholder.com/600x400/2d7a5f/ffffff?text=Panasonic%20Microwave
sample_20,Sharp Microwave,ETL-SAMPLE_20,1100,Appliances,Sharp,1100W,sample_20,A,Medium,Professional Appliances - Sharp Sharp Microwave. Energy-efficient design with 1100W power rating.,"The Sharp Microwave is a professional-grade Appliances designed for maximum efficiency and performance. This Sharp product delivers exceptional performance while maintaining low operating costs. Features include advanced technology, intelligent controls, and comprehensive safety systems. Perfect for both commercial and residential applications requiring reliable, efficient operation. Energy rating: A, Efficiency: Medium.",Power Rating: 1100W,Energy Rating: A,Efficiency: Medium,Brand: Sharp,Category: Appliances,Model: sample_20,Professional installation recommended,Comprehensive warranty included,https://via.placeholder.com/600x400/2d7a5f/ffffff?text=Sharp%20Microwave
sample_21,Toshiba Microwave,ETL-SAMPLE_21,1000,Appliances,Toshiba,1000W,sample_21,A,Medium,Professional Appliances - Toshiba Toshiba Microwave. Energy-efficient design with 1000W power rating.,"The Toshiba Microwave is a professional-grade Appliances designed for maximum efficiency and performance. This Toshiba product delivers exceptional performance while maintaining low operating costs. Features include advanced technology, intelligent controls, and comprehensive safety systems. Perfect for both commercial and residential applications requiring reliable, efficient operation. Energy rating: A, Efficiency: Medium.",Power Rating: 1000W,Energy Rating: A,Efficiency: Medium,Brand: Toshiba,Category: Appliances,Model: sample_21,Professional installation recommended,Comprehensive warranty included,https://via.placeholder.com/600x400/2d7a5f/ffffff?text=Toshiba%20Microwave
sample_22,GE Microwave,ETL-SAMPLE_22,1200,Appliances,GE,1200W,sample_22,A,Medium,Professional Appliances - GE GE Microwave. Energy-efficient design with 1200W power rating.,"The GE Microwave is a professional-grade Appliances designed for maximum efficiency and performance. This GE product delivers exceptional performance while maintaining low operating costs. Features include advanced technology, intelligent controls, and comprehensive safety systems. Perfect for both commercial and residential applications requiring reliable, efficient operation. Energy rating: A, Efficiency: Medium.",Power Rating: 1200W,Energy Rating: A,Efficiency: Medium,Brand: GE,Category: Appliances,Model: sample_22,Professional installation recommended,Comprehensive warranty included,https://via.placeholder.com/600x400/2d7a5f/ffffff?text=GE%20Microwave
sample_23,Whirlpool Microwave,ETL-SAMPLE_23,1100,Appliances,Whirlpool,1100W,sample_23,A,Medium,Professional Appliances - Whirlpool Whirlpool Microwave. Energy-efficient design with 1100W power rating.,"The Whirlpool Microwave is a professional-grade Appliances designed for maximum efficiency and performance. This Whirlpool product delivers exceptional performance while maintaining low operating costs. Features include advanced technology, intelligent controls, and comprehensive safety systems. Perfect for both commercial and residential applications requiring reliable, efficient operation. Energy rating: A, Efficiency: Medium.",Power Rating: 1100W,Energy Rating: A,Efficiency: Medium,Brand: Whirlpool,Category: Appliances,Model: sample_23,Professional installation recommended,Comprehensive warranty included,https://via.placeholder.com/600x400/2d7a5f/ffffff?text=Whirlpool%20Microwave
sample_24,KitchenAid Microwave,ETL-SAMPLE_24,1000,Appliances,KitchenAid,1000W,sample_24,A,Medium,Professional Appliances - KitchenAid KitchenAid Microwave. Energy-efficient design with 1000W power rating.,"The KitchenAid Microwave is a professional-grade Appliances designed for maximum efficiency and performance. This KitchenAid product delivers exceptional performance while maintaining low operating costs. Features include advanced technology, intelligent controls, and comprehensive safety systems. Perfect for both commercial and residential applications requiring reliable, efficient operation. Energy rating: A, Efficiency: Medium.",Power Rating: 1000W,Energy Rating: A,Efficiency: Medium,Brand: KitchenAid,Category: Appliances,Model: sample_24,Professional installation recommended,Comprehensive warranty included,https://via.placeholder.com/600x400/2d7a5f/ffffff?text=KitchenAid%20Microwave
sample_25,Maytag Microwave,ETL-SAMPLE_25,1200,Appliances,Maytag,1200W,sample_25,A,Medium,Professional Appliances - Maytag Maytag Microwave. Energy-efficient design with 1200W power rating.,"The Maytag Microwave is a professional-grade Appliances designed for maximum efficiency and performance. This Maytag product delivers exceptional performance while maintaining low operating costs. Features include advanced technology, intelligent controls, and comprehensive safety systems. Perfect for both commercial and residential applications requiring reliable, efficient operation. Energy rating: A, Efficiency: Medium.",Power Rating: 1200W,Energy Rating: A,Efficiency: Medium,Brand: Maytag,Category: Appliances,Model: sample_25,Professional installation recommended,Comprehensive warranty included,https://via.placeholder.com/600x400/2d7a5f/ffffff?text=Maytag%20Microwave
sample_26,Frigidaire Microwave,ETL-SAMPLE_26,1100,Appliances,Frigidaire,1100W,sample_26,A,Medium,Professional Appliances - Frigidaire Frigidaire Microwave. Energy-efficient design with 1100W power rating.,"The Frigidaire Microwave is a professional-grade Appliances designed for maximum efficiency and performance. This Frigidaire product delivers exceptional performance while maintaining low operating costs. Features include advanced technology, intelligent controls, and comprehensive safety systems. Perfect for both commercial and residential applications requiring reliable, efficient operation. Energy rating: A, Efficiency: Medium.",Power Rating: 1100W,Energy Rating: A,Efficiency: Medium,Brand: Frigidaire,Category: Appliances,Model: sample_26,Professional installation recommended,Comprehensive warranty included,https://via.placeholder.com/600x400/2d7a5f/ffffff?text=Frigidaire%20Microwave
sample_27,Amana Microwave,ETL-SAMPLE_27,1000,Appliances,Amana,1000W,sample_27,A,Medium,Professional Appliances - Amana Amana Microwave. Energy-efficient design with 1000W power rating.,"The Amana Microwave is a professional-grade Appliances designed for maximum efficiency and performance. This Amana product delivers exceptional performance while maintaining low operating costs. Features include advanced technology, intelligent controls, and comprehensive safety systems. Perfect for both commercial and residential applications requiring reliable, efficient operation. Energy rating: A, Efficiency: Medium.",Power Rating: 1000W,Energy Rating: A,Efficiency: Medium,Brand: Amana,Category: Appliances,Model: sample_27,Professional installation recommended,Comprehensive warranty included,https://via.placeholder.com/600x400/2d7a5f/ffffff?text=Amana%20Microwave
sample_28,Haier Microwave,ETL-SAMPLE_28,1200,Appliances,Haier,1200W,sample_28,A,Medium,Professional Appliances - Haier Haier Microwave. Energy-efficient design with 1200W power rating.,"The Haier Microwave is a professional-grade Appliances designed for maximum efficiency and performance. This Haier product delivers exceptional performance while maintaining low operating costs. Features include advanced technology, intelligent controls, and comprehensive safety systems. Perfect for both commercial and residential applications requiring reliable, efficient operation. Energy rating: A, Efficiency: Medium.",Power Rating: 1200W,Energy Rating: A,Efficiency: Medium,Brand: Haier,Category: Appliances,Model: sample_28,Professional installation recommended,Comprehensive warranty included,https://via.placeholder.com/600x400/2d7a5f/ffffff?text=Haier%20Microwave
sample_29,Hisense Microwave,ETL-SAMPLE_29,1100,Appliances,Hisense,1100W,sample_29,A,Medium,Professional Appliances - Hisense Hisense Microwave. Energy-efficient design with 1100W power rating.,"The Hisense Microwave is a professional-grade Appliances designed for maximum efficiency and performance. This Hisense product delivers exceptional performance while maintaining low operating costs. Features include advanced technology, intelligent controls, and comprehensive safety systems. Perfect for both commercial and residential applications requiring reliable, efficient operation. Energy rating: A, Efficiency: Medium.",Power Rating: 1100W,Energy Rating: A,Efficiency: Medium,Brand: Hisense,Category: Appliances,Model: sample_29,Professional installation recommended,Comprehensive warranty included,https://via.placeholder.com/600x400/2d7a5f/ffffff?text=Hisense%20Microwave
sample_30,TCL Microwave,ETL-SAMPLE_30,1000,Appliances,TCL,1000W,sample_30,A,Medium,Professional Appliances - TCL TCL Microwave. Energy-efficient design with 1000W power rating.,"The TCL Microwave is a professional-grade Appliances designed for maximum efficiency and performance. This TCL product delivers exceptional performance while maintaining low operating costs. Features include advanced technology, intelligent controls, and comprehensive safety systems. Perfect for both commercial and residential applications requiring reliable, efficient operation. Energy rating: A, Efficiency: Medium.",Power Rating: 1000W,Energy Rating: A,Efficiency: Medium,Brand: TCL,Category: Appliances,Model: sample_30,Professional installation recommended,Comprehensive warranty included,https://via.placeholder.com/600x400/2d7a5f/ffffff?text=TCL%20Microwave
sample_31,Vizio Microwave,ETL-SAMPLE_31,1200,Appliances,Vizio,1200W,sample_31,A,Medium,Professional Appliances - Vizio Vizio Microwave. Energy-efficient design with 1200W power rating.,"The Vizio Microwave is a professional-grade Appliances designed for maximum efficiency and performance. This Vizio product delivers exceptional performance while maintaining low operating costs. Features include advanced technology, intelligent controls, and comprehensive safety systems. Perfect for both commercial and residential applications requiring reliable, efficient operation. Energy rating: A, Efficiency: Medium.",Power Rating: 1200W,Energy Rating: A,Efficiency: Medium,Brand: Vizio,Category: Appliances,Model: sample_31,Professional installation recommended,Comprehensive warranty included,https://via.placeholder.com/600x400/2d7a5f/ffffff?text=Vizio%20Microwave
sample_32,Insignia Microwave,ETL-SAMPLE_32,1100,Appliances,Insignia,1100W,sample_32,A,Medium,Professional Appliances - Insignia Insignia Microwave. Energy-efficient design with 1100W power rating.,"The Insignia Microwave is a professional-grade Appliances designed for maximum efficiency and performance. This Insignia product delivers exceptional performance while maintaining low operating costs. Features include advanced technology, intelligent controls, and comprehensive safety systems. Perfect for both commercial and residential applications requiring reliable, efficient operation. Energy rating: A, Efficiency: Medium.",Power Rating: 1100W,Energy Rating: A,Efficiency: Medium,Brand: Insignia,Category: Appliances,Model: sample_32,Professional installation recommended,Comprehensive warranty included,https://via.placeholder.com/600x400/2d7a5f/ffffff?text=Insignia%20Microwave
sample_33,Onn Microwave,ETL-SAMPLE_33,1000,Appliances,Onn,1000W,sample_33,A,Medium,Professional Appliances - Onn Onn Microwave. Energy-efficient design with 1000W power rating.,"The Onn Microwave is a professional-grade Appliances designed for maximum efficiency and performance. This Onn product delivers exceptional performance while maintaining low operating costs. Features include advanced technology, intelligent controls, and comprehensive safety systems. Perfect for both commercial and residential applications requiring reliable, efficient operation. Energy rating: A, Efficiency: Medium.",Power Rating: 1000W,Energy Rating: A,Efficiency: Medium,Brand: Onn,Category: Appliances,Model: sample_33,Professional installation recommended,Comprehensive warranty included,https://via.placeholder.com/600x400/2d7a5f/ffffff?text=Onn%20Microwave
sample_34,RCA Microwave,ETL-SAMPLE_34,1200,Appliances,RCA,1200W,sample_34,A,Medium,Professional Appliances - RCA RCA Microwave. Energy-efficient design with 1200W power rating.,"The RCA Microwave is a professional-grade Appliances designed for maximum efficiency and performance. This RCA product delivers exceptional performance while maintaining low operating costs. Features include advanced technology, intelligent controls, and comprehensive safety systems. Perfect for both commercial and residential applications requiring reliable, efficient operation. Energy rating: A, Efficiency: Medium.",Power Rating: 1200W,Energy Rating: A,Efficiency: Medium,Brand: RCA,Category: Appliances,Model: sample_34,Professional installation recommended,Comprehensive warranty included,https://via.placeholder.com/600x400/2d7a5f/ffffff?text=RCA%20Microwave
sample_35,JVC Microwave,ETL-SAMPLE_35,1100,Appliances,JVC,1100W,sample_35,A,Medium,Professional Appliances - JVC JVC Microwave. Energy-efficient design with 1100W power rating.,"The JVC Microwave is a professional-grade Appliances designed for maximum efficiency and performance. This JVC product delivers exceptional performance while maintaining low operating costs. Features include advanced technology, intelligent controls, and comprehensive safety systems. Perfect for both commercial and residential applications requiring reliable, efficient operation. Energy rating: A, Efficiency: Medium.",Power Rating: 1100W,Energy Rating: A,Efficiency: Medium,Brand: JVC,Category: Appliances,Model: sample_35,Professional installation recommended,Comprehensive warranty included,https://via.placeholder.com/600x400/2d7a5f/ffffff?text=JVC%20Microwave
sample_36,Pioneer Microwave,ETL-SAMPLE_36,1000,Appliances,Pioneer,1000W,sample_36,A,Medium,Professional Appliances - Pioneer Pioneer Microwave. Energy-efficient design with 1000W power rating.,"The Pioneer Microwave is a professional-grade Appliances designed for maximum efficiency and performance. This Pioneer product delivers exceptional performance while maintaining low operating costs. Features include advanced technology, intelligent controls, and comprehensive safety systems. Perfect for both commercial and residential applications requiring reliable, efficient operation. Energy rating: A, Efficiency: Medium.",Power Rating: 1000W,Energy Rating: A,Efficiency: Medium,Brand: Pioneer,Category: Appliances,Model: sample_36,Professional installation recommended,Comprehensive warranty included,https://via.placeholder.com/600x400/2d7a5f/ffffff?text=Pioneer%20Microwave
sample_37,Yamaha Microwave,ETL-SAMPLE_37,1200,Appliances,Yamaha,1200W,sample_37,A,Medium,Professional Appliances - Yamaha Yamaha Microwave. Energy-efficient design with 1200W power rating.,"The Yamaha Microwave is a professional-grade Appliances designed for maximum efficiency and performance. This Yamaha product delivers exceptional performance while maintaining low operating costs. Features include advanced technology, intelligent controls, and comprehensive safety systems. Perfect for both commercial and residential applications requiring reliable, efficient operation. Energy rating: A, Efficiency: Medium.",Power Rating: 1200W,Energy Rating: A,Efficiency: Medium,Brand: Yamaha,Category: Appliances,Model: sample_37,Professional installation recommended,Comprehensive warranty included,https://via.placeholder.com/600x400/2d7a5f/ffffff?text=Yamaha%20Microwave
sample_38,Denon Microwave,ETL-SAMPLE_38,1100,Appliances,Denon,1100W,sample_38,A,Medium,Professional Appliances - Denon Denon Microwave. Energy-efficient design with 1100W power rating.,"The Denon Microwave is a professional-grade Appliances designed for maximum efficiency and performance. This Denon product delivers exceptional performance while maintaining low operating costs. Features include advanced technology, intelligent controls, and comprehensive safety systems. Perfect for both commercial and residential applications requiring reliable, efficient operation. Energy rating: A, Efficiency: Medium.",Power Rating: 1100W,Energy Rating: A,Efficiency: Medium,Brand: Denon,Category: Appliances,Model: sample_38,Professional installation recommended,Comprehensive warranty included,https://via.placeholder.com/600x400/2d7a5f/ffffff?text=Denon%20Microwave
sample_39,Marantz Microwave,ETL-SAMPLE_39,1000,Appliances,Marantz,1000W,sample_39,A,Medium,Professional Appliances - Marantz Marantz Microwave. Energy-efficient design with 1000W power rating.,"The Marantz Microwave is a professional-grade Appliances designed for maximum efficiency and performance. This Marantz product delivers exceptional performance while maintaining low operating costs. Features include advanced technology, intelligent controls, and comprehensive safety systems. Perfect for both commercial and residential applications requiring reliable, efficient operation. Energy rating: A, Efficiency: Medium.",Power Rating: 1000W,Energy Rating: A,Efficiency: Medium,Brand: Marantz,Category: Appliances,Model: sample_39,Professional installation recommended,Comprehensive warranty included,https://via.placeholder.com/600x400/2d7a5f/ffffff?text=Marantz%20Microwave
sample_40,Harman Kardon Microwave,ETL-SAMPLE_40,1200,Appliances,Harman Kardon,1200W,sample_40,A,Medium,Professional Appliances - Harman Kardon Harman Kardon Microwave. Energy-efficient design with 1200W power rating.,"The Harman Kardon Microwave is a professional-grade Appliances designed for maximum efficiency and performance. This Harman Kardon product delivers exceptional performance while maintaining low operating costs. Features include advanced technology, intelligent controls, and comprehensive safety systems. Perfect for both commercial and residential applications requiring reliable, efficient operation. Energy rating: A, Efficiency: Medium.",Power Rating: 1200W,Energy Rating: A,Efficiency: Medium,Brand: Harman Kardon,Category: Appliances,Model: sample_40,Professional installation recommended,Comprehensive warranty included,https://via.placeholder.com/600x400/2d7a5f/ffffff?text=Harman%20Kardon%20Microwave
sample_41,Bose Microwave,ETL-SAMPLE_41,1100,Appliances,Bose,1100W,sample_41,A,Medium,Professional Appliances - Bose Bose Microwave. Energy-efficient design with 1100W power rating.,"The Bose Microwave is a professional-grade Appliances designed for maximum efficiency and performance. This Bose product delivers exceptional performance while maintaining low operating costs. Features include advanced technology, intelligent controls, and comprehensive safety systems. Perfect for both commercial and residential applications requiring reliable, efficient operation. Energy rating: A, Efficiency: Medium.",Power Rating: 1100W,Energy Rating: A,Efficiency: Medium,Brand: Bose,Category: Appliances,Model: sample_41,Professional installation recommended,Comprehensive warranty included,https://via.placeholder.com/600x400/2d7a5f/ffffff?text=Bose%20Microwave
sample_42,Klipsch Microwave,ETL-SAMPLE_42,1000,Appliances,Klipsch,1000W,sample_42,A,Medium,Professional Appliances - Klipsch Klipsch Microwave. Energy-efficient design with 1000W power rating.,"The Klipsch Microwave is a professional-grade Appliances designed for maximum efficiency and performance. This Klipsch product delivers exceptional performance while maintaining low operating costs. Features include advanced technology, intelligent controls, and comprehensive safety systems. Perfect for both commercial and residential applications requiring reliable, efficient operation. Energy rating: A, Efficiency: Medium.",Power Rating: 1000W,Energy Rating: A,Efficiency: Medium,Brand: Klipsch,Category: Appliances,Model: sample_42,Professional installation recommended,Comprehensive warranty included,https://via.placeholder.com/600x400/2d7a5f/ffffff?text=Klipsch%20Microwave
sample_43,Definitive Technology Microwave,ETL-SAMPLE_43,1200,Appliances,Definitive Technology,1200W,sample_43,A,Medium,Professional Appliances - Definitive Technology Definitive Technology Microwave. Energy-efficient design with 1200W power rating.,"The Definitive Technology Microwave is a professional-grade Appliances designed for maximum efficiency and performance. This Definitive Technology product delivers exceptional performance while maintaining low operating costs. Features include advanced technology, intelligent controls, and comprehensive safety systems. Perfect for both commercial and residential applications requiring reliable, efficient operation. Energy rating: A, Efficiency: Medium.",Power Rating: 1200W,Energy Rating: A,Efficiency: Medium,Brand: Definitive Technology,Category: Appliances,Model: sample_43,Professional installation recommended,Comprehensive warranty included,https://via.placeholder.com/600x400/2d7a5f/ffffff?text=Definitive%20Technology%20Microwave
sample_44,MartinLogan Microwave,ETL-SAMPLE_44,1100,Appliances,MartinLogan,1100W,sample_44,A,Medium,Professional Appliances - MartinLogan MartinLogan Microwave. Energy-efficient design with 1100W power rating.,"The MartinLogan Microwave is a professional-grade Appliances designed for maximum efficiency and performance. This MartinLogan product delivers exceptional performance while maintaining low operating costs. Features include advanced technology, intelligent controls, and comprehensive safety systems. Perfect for both commercial and residential applications requiring reliable, efficient operation. Energy rating: A, Efficiency: Medium.",Power Rating: 1100W,Energy Rating: A,Efficiency: Medium,Brand: MartinLogan,Category: Appliances,Model: sample_44,Professional installation recommended,Comprehensive warranty included,https://via.placeholder.com/600x400/2d7a5f/ffffff?text=MartinLogan%20Microwave
sample_45,Paradigm Microwave,ETL-SAMPLE_45,1000,Appliances,Paradigm,1000W,sample_45,A,Medium,Professional Appliances - Paradigm Paradigm Microwave. Energy-efficient design with 1000W power rating.,"The Paradigm Microwave is a professional-grade Appliances designed for maximum efficiency and performance. This Paradigm product delivers exceptional performance while maintaining low operating costs. Features include advanced technology, intelligent controls, and comprehensive safety systems. Perfect for both commercial and residential applications requiring reliable, efficient operation. Energy rating: A, Efficiency: Medium.",Power Rating: 1000W,Energy Rating: A,Efficiency: Medium,Brand: Paradigm,Category: Appliances,Model: sample_45,Professional installation recommended,Comprehensive warranty included,https://via.placeholder.com/600x400/2d7a5f/ffffff?text=Paradigm%20Microwave
sample_46,Monitor Audio Microwave,ETL-SAMPLE_46,1200,Appliances,Monitor Audio,1200W,sample_46,A,Medium,Professional Appliances - Monitor Audio Monitor Audio Microwave. Energy-efficient design with 1200W power rating.,"The Monitor Audio Microwave is a professional-grade Appliances designed for maximum efficiency and performance. This Monitor Audio product delivers exceptional performance while maintaining low operating costs. Features include advanced technology, intelligent controls, and comprehensive safety systems. Perfect for both commercial and residential applications requiring reliable, efficient operation. Energy rating: A, Efficiency: Medium.",Power Rating: 1200W,Energy Rating: A,Efficiency: Medium,Brand: Monitor Audio,Category: Appliances,Model: sample_46,Professional installation recommended,Comprehensive warranty included,https://via.placeholder.com/600x400/2d7a5f/ffffff?text=Monitor%20Audio%20Microwave
sample_47,B&W Microwave,ETL-SAMPLE_47,1100,Appliances,B&W,1100W,sample_47,A,Medium,Professional Appliances - B&W B&W Microwave. Energy-efficient design with 1100W power rating.,"The B&W Microwave is a professional-grade Appliances designed for maximum efficiency and performance. This B&W product delivers exceptional performance while maintaining low operating costs. Features include advanced technology, intelligent controls, and comprehensive safety systems. Perfect for both commercial and residential applications requiring reliable, efficient operation. Energy rating: A, Efficiency: Medium.",Power Rating: 1100W,Energy Rating: A,Efficiency: Medium,Brand: B&W,Category: Appliances,Model: sample_47,Professional installation recommended,Comprehensive warranty included,https://via.placeholder.com/600x400/2d7a5f/ffffff?text=B%26W%20Microwave
sample_48,KEF Microwave,ETL-SAMPLE_48,1000,Appliances,KEF,1000W,sample_48,A,Medium,Professional Appliances - KEF KEF Microwave. Energy-efficient design with 1000W power rating.,"The KEF Microwave is a professional-grade Appliances designed for maximum efficiency and performance. This KEF product delivers exceptional performance while maintaining low operating costs. Features include advanced technology, intelligent controls, and comprehensive safety systems. Perfect for both commercial and residential applications requiring reliable, efficient operation. Energy rating: A, Efficiency: Medium.",Power Rating: 1000W,Energy Rating: A,Efficiency: Medium,Brand: KEF,Category: Appliances,Model: sample_48,Professional installation recommended,Comprehensive warranty included,https://via.placeholder.com/600x400/2d7a5f/ffffff?text=KEF%20Microwave
sample_49,Dynaudio Microwave,ETL-SAMPLE_49,1200,Appliances,Dynaudio,1200W,sample_49,A,Medium,Professional Appliances - Dynaudio Dynaudio Microwave. Energy-efficient design with 1200W power rating.,"The Dynaudio Microwave is a professional-grade Appliances designed for maximum efficiency and performance. This Dynaudio product delivers exceptional performance while maintaining low operating costs. Features include advanced technology, intelligent controls, and comprehensive safety systems. Perfect for both commercial and residential applications requiring reliable, efficient operation. Energy rating: A, Efficiency: Medium.",Power Rating: 1200W,Energy Rating: A,Efficiency: Medium,Brand: Dynaudio,Category: Appliances,Model: sample_49,Professional installation recommended,Comprehensive warranty included,https://via.placeholder.com/600x400/2d7a5f/ffffff?text=Dynaudio%20Microwave
sample_50,Hisense Dishwasher,ETL-SAMPLE_50,155,Appliances,Hisense,155W,sample_50,A,Medium,Professional Appliances - Hisense Hisense Dishwasher. Energy-efficient design with 155W power rating.,"The Hisense Dishwasher is a professional-grade Appliances designed for maximum efficiency and performance. This Hisense product delivers exceptional performance while maintaining low operating costs. Features include advanced technology, intelligent controls, and comprehensive safety systems. Perfect for both commercial and residential applications requiring reliable, efficient operation. Energy rating: A, Efficiency: Medium.",Power Rating: 155W,Energy Rating: A,Efficiency: Medium,Brand: Hisense,Category: Appliances,Model: sample_50,Professional installation recommended,Comprehensive warranty included,https://via.placeholder.com/600x400/2d7a5f/ffffff?text=Hisense%20Dishwasher
oven_1,"Bosch HBL8453UC 30"" Single Wall Oven",ETL-OVEN_1,2400,Appliances,Bosch,2400W,oven_1,A+,High,"Professional Appliances - Bosch Bosch HBL8453UC 30"" Single Wall Oven. Energy-efficient design with 2400W power rating.","The Bosch HBL8453UC 30"" Single Wall Oven is a professional-grade Appliances designed for maximum efficiency and performance. This Bosch product delivers exceptional performance while maintaining low operating costs. Features include advanced technology, intelligent controls, and comprehensive safety systems. Perfect for both commercial and residential applications requiring reliable, efficient operation. Energy rating: A, Efficiency: High.",Power Rating: 2400W,Energy Rating: A,Efficiency: High,Brand: Bosch,Category: Appliances,Model: oven_1,Professional installation recommended,Comprehensive warranty included,https://via.placeholder.com/600x400/2d7a5f/ffffff?text=Bosch%20HBL8453UC%2030%22%20Single%20Wall%20Oven
oven_2,"GE Profile P2B940YPFS 30"" Double Wall Oven",ETL-OVEN_2,2600,Appliances,GE,2600W,oven_2,A,Medium,"Professional Appliances - GE GE Profile P2B940YPFS 30"" Double Wall Oven. Energy-efficient design with 2600W power rating.","The GE Profile P2B940YPFS 30"" Double Wall Oven is a professional-grade Appliances designed for maximum efficiency and performance. This GE product delivers exceptional performance while maintaining low operating costs. Features include advanced technology, intelligent controls, and comprehensive safety systems. Perfect for both commercial and residential applications requiring reliable, efficient operation. Energy rating: A, Efficiency: Medium.",Power Rating: 2600W,Energy Rating: A,Efficiency: Medium,Brand: GE,Category: Appliances,Model: oven_2,Professional installation recommended,Comprehensive warranty included,https://via.placeholder.com/600x400/2d7a5f/ffffff?text=GE%20Profile%20P2B940YPFS%2030%22%20Double%20Wall%20Oven
oven_3,"KitchenAid KODE500ESS 30"" Double Wall Oven",ETL-OVEN_3,2500,Appliances,KitchenAid,2500W,oven_3,A,Medium,"Professional Appliances - KitchenAid KitchenAid KODE500ESS 30"" Double Wall Oven. Energy-efficient design with 2500W power rating.","The KitchenAid KODE500ESS 30"" Double Wall Oven is a professional-grade Appliances designed for maximum efficiency and performance. This KitchenAid product delivers exceptional performance while maintaining low operating costs. Features include advanced technology, intelligent controls, and comprehensive safety systems. Perfect for both commercial and residential applications requiring reliable, efficient operation. Energy rating: A, Efficiency: Medium.",Power Rating: 2500W,Energy Rating: A,Efficiency: Medium,Brand: KitchenAid,Category: Appliances,Model: oven_3,Professional installation recommended,Comprehensive warranty included,https://via.placeholder.com/600x400/2d7a5f/ffffff?text=KitchenAid%20KODE500ESS%2030%22%20Double%20Wall%20Oven
oven_4,"Whirlpool WOD51HZES 30"" Double Wall Oven",ETL-OVEN_4,2700,Appliances,Whirlpool,2700W,oven_4,A,Medium,"Professional Appliances - Whirlpool Whirlpool WOD51HZES 30"" Double Wall Oven. Energy-efficient design with 2700W power rating.","The Whirlpool WOD51HZES 30"" Double Wall Oven is a professional-grade Appliances designed for maximum efficiency and performance. This Whirlpool product delivers exceptional performance while maintaining low operating costs. Features include advanced technology, intelligent controls, and comprehensive safety systems. Perfect for both commercial and residential applications requiring reliable, efficient operation. Energy rating: A, Efficiency: Medium.",Power Rating: 2700W,Energy Rating: A,Efficiency: Medium,Brand: Whirlpool,Category: Appliances,Model: oven_4,Professional installation recommended,Comprehensive warranty included,https://via.placeholder.com/600x400/2d7a5f/ffffff?text=Whirlpool%20WOD51HZES%2030%22%20Double%20Wall%20Oven
oven_5,"Maytag MWO5105BZ 30"" Single Wall Oven",ETL-OVEN_5,2300,Appliances,Maytag,2300W,oven_5,A,Medium,"Professional Appliances - Maytag Maytag MWO5105BZ 30"" Single Wall Oven. Energy-efficient design with 2300W power rating.","The Maytag MWO5105BZ 30"" Single Wall Oven is a professional-grade Appliances designed for maximum efficiency and performance. This Maytag product delivers exceptional performance while maintaining low operating costs. Features include advanced technology, intelligent controls, and comprehensive safety systems. Perfect for both commercial and residential applications requiring reliable, efficient operation. Energy rating: A, Efficiency: Medium.",Power Rating: 2300W,Energy Rating: A,Efficiency: Medium,Brand: Maytag,Category: Appliances,Model: oven_5,Professional installation recommended,Comprehensive warranty included,https://via.placeholder.com/600x400/2d7a5f/ffffff?text=Maytag%20MWO5105BZ%2030%22%20Single%20Wall%20Oven
oven_6,"Frigidaire Gallery FGEW3065UF 30"" Wall Oven",ETL-OVEN_6,2800,Appliances,Frigidaire,2800W,oven_6,A,Medium,"Professional Appliances - Frigidaire Frigidaire Gallery FGEW3065UF 30"" Wall Oven. Energy-efficient design with 2800W power rating.","The Frigidaire Gallery FGEW3065UF 30"" Wall Oven is a professional-grade Appliances designed for maximum efficiency and performance. This Frigidaire product delivers exceptional performance while maintaining low operating costs. Features include advanced technology, intelligent controls, and comprehensive safety systems. Perfect for both commercial and residential applications requiring reliable, efficient operation. Energy rating: A, Efficiency: Medium.",Power Rating: 2800W,Energy Rating: A,Efficiency: Medium,Brand: Frigidaire,Category: Appliances,Model: oven_6,Professional installation recommended,Comprehensive warranty included,https://via.placeholder.com/600x400/2d7a5f/ffffff?text=Frigidaire%20Gallery%20FGEW3065UF%2030%22%20Wall%20Oven
oven_7,"Samsung NE58K9430WS 30"" Wall Oven",ETL-OVEN_7,2450,Appliances,Samsung,2450W,oven_7,A+,High,"Professional Appliances - Samsung Samsung NE58K9430WS 30"" Wall Oven. Energy-efficient design with 2450W power rating.","The Samsung NE58K9430WS 30"" Wall Oven is a professional-grade Appliances designed for maximum efficiency and performance. This Samsung product delivers exceptional performance while maintaining low operating costs. Features include advanced technology, intelligent controls, and comprehensive safety systems. Perfect for both commercial and residential applications requiring reliable, efficient operation. Energy rating: A, Efficiency: High.",Power Rating: 2450W,Energy Rating: A,Efficiency: High,Brand: Samsung,Category: Appliances,Model: oven_7,Professional installation recommended,Comprehensive warranty included,https://via.placeholder.com/600x400/2d7a5f/ffffff?text=Samsung%20NE58K9430WS%2030%22%20Wall%20Oven
oven_8,"LG LDE4413ST 30"" Double Wall Oven",ETL-OVEN_8,2550,Appliances,LG,2550W,oven_8,A+,High,"Professional Appliances - LG LG LDE4413ST 30"" Double Wall Oven. Energy-efficient design with 2550W power rating.","The LG LDE4413ST 30"" Double Wall Oven is a professional-grade Appliances designed for maximum efficiency and performance. This LG product delivers exceptional performance while maintaining low operating costs. Features include advanced technology, intelligent controls, and comprehensive safety systems. Perfect for both commercial and residential applications requiring reliable, efficient operation. Energy rating: A, Efficiency: High.",Power Rating: 2550W,Energy Rating: A,Efficiency: High,Brand: LG,Category: Appliances,Model: oven_8,Professional installation recommended,Comprehensive warranty included,https://via.placeholder.com/600x400/2d7a5f/ffffff?text=LG%20LDE4413ST%2030%22%20Double%20Wall%20Oven
oven_9,Panasonic NN-SN966S Countertop Microwave,ETL-OVEN_9,1250,Appliances,Panasonic,1250W,oven_9,A+,High,Professional Appliances - Panasonic Panasonic NN-SN966S Countertop Microwave. Energy-efficient design with 1250W power rating.,"The Panasonic NN-SN966S Countertop Microwave is a professional-grade Appliances designed for maximum efficiency and performance. This Panasonic product delivers exceptional performance while maintaining low operating costs. Features include advanced technology, intelligent controls, and comprehensive safety systems. Perfect for both commercial and residential applications requiring reliable, efficient operation. Energy rating: A, Efficiency: High.",Power Rating: 1250W,Energy Rating: A,Efficiency: High,Brand: Panasonic,Category: Appliances,Model: oven_9,Professional installation recommended,Comprehensive warranty included,https://via.placeholder.com/600x400/2d7a5f/ffffff?text=Panasonic%20NN-SN966S%20Countertop%20Microwave
oven_10,"Electrolux EI30EF55QS 30"" Single Wall Oven",ETL-OVEN_10,2750,Appliances,Electrolux,2750W,oven_10,A,Medium,"Professional Appliances - Electrolux Electrolux EI30EF55QS 30"" Single Wall Oven. Energy-efficient design with 2750W power rating.","The Electrolux EI30EF55QS 30"" Single Wall Oven is a professional-grade Appliances designed for maximum efficiency and performance. This Electrolux product delivers exceptional performance while maintaining low operating costs. Features include advanced technology, intelligent controls, and comprehensive safety systems. Perfect for both commercial and residential applications requiring reliable, efficient operation. Energy rating: A, Efficiency: Medium.",Power Rating: 2750W,Energy Rating: A,Efficiency: Medium,Brand: Electrolux,Category: Appliances,Model: oven_10,Professional installation recommended,Comprehensive warranty included,https://via.placeholder.com/600x400/2d7a5f/ffffff?text=Electrolux%20EI30EF55QS%2030%22%20Single%20Wall%20Oven
rest_oven_1,Vulcan VC4GD 4-Burner Gas Range,ETL-REST_OVEN_1,15000,Restaurant Equipment,Vulcan,15000W,rest_oven_1,A,Medium,Professional Restaurant Equipment - Vulcan Vulcan VC4GD 4-Burner Gas Range. Energy-efficient design with 15000W power rating.,"The Vulcan VC4GD 4-Burner Gas Range is a professional-grade Restaurant Equipment designed for maximum efficiency and performance. This Vulcan product delivers exceptional performance while maintaining low operating costs. Features include advanced technology, intelligent controls, and comprehensive safety systems. Perfect for both commercial and residential applications requiring reliable, efficient operation. Energy rating: A, Efficiency: Medium.",Power Rating: 15000W,Energy Rating: A,Efficiency: Medium,Brand: Vulcan,Category: Restaurant Equipment,Model: rest_oven_1,Professional installation recommended,Comprehensive warranty included,https://via.placeholder.com/600x400/2d7a5f/ffffff?text=Vulcan%20VC4GD%204-Burner%20Gas%20Range
rest_oven_2,"Wolf CR3040 30"" Gas Range",ETL-REST_OVEN_2,12000,Restaurant Equipment,Wolf,12000W,rest_oven_2,A+,High,"Professional Restaurant Equipment - Wolf Wolf CR3040 30"" Gas Range. Energy-efficient design with 12000W power rating.","The Wolf CR3040 30"" Gas Range is a professional-grade Restaurant Equipment designed for maximum efficiency and performance. This Wolf product delivers exceptional performance while maintaining low operating costs. Features include advanced technology, intelligent controls, and comprehensive safety systems. Perfect for both commercial and residential applications requiring reliable, efficient operation. Energy rating: A, Efficiency: High.",Power Rating: 12000W,Energy Rating: A,Efficiency: High,Brand: Wolf,Category: Restaurant Equipment,Model: rest_oven_2,Professional installation recommended,Comprehensive warranty included,https://via.placeholder.com/600x400/2d7a5f/ffffff?text=Wolf%20CR3040%2030%22%20Gas%20Range
rest_oven_3,Garland GR6 6-Burner Gas Range,ETL-REST_OVEN_3,18000,Restaurant Equipment,Garland,18000W,rest_oven_3,A,Medium,Professional Restaurant Equipment - Garland Garland GR6 6-Burner Gas Range. Energy-efficient design with 18000W power rating.,"The Garland GR6 6-Burner Gas Range is a professional-grade Restaurant Equipment designed for maximum efficiency and performance. This Garland product delivers exceptional performance while maintaining low operating costs. Features include advanced technology, intelligent controls, and comprehensive safety systems. Perfect for both commercial and residential applications requiring reliable, efficient operation. Energy rating: A, Efficiency: Medium.",Power Rating: 18000W,Energy Rating: A,Efficiency: Medium,Brand: Garland,Category: Restaurant Equipment,Model: rest_oven_3,Professional installation recommended,Comprehensive warranty included,https://via.placeholder.com/600x400/2d7a5f/ffffff?text=Garland%20GR6%206-Burner%20Gas%20Range
rest_fridge_1,True T-49 4-Door Commercial Refrigerator,ETL-REST_FRIDGE_1,800,Restaurant Equipment,True,800W,rest_fridge_1,A+,High,Professional Restaurant Equipment - True True T-49 4-Door Commercial Refrigerator. Energy-efficient design with 800W power rating.,"The True T-49 4-Door Commercial Refrigerator is a professional-grade Restaurant Equipment designed for maximum efficiency and performance. This True product delivers exceptional performance while maintaining low operating costs. Features include advanced technology, intelligent controls, and comprehensive safety systems. Perfect for both commercial and residential applications requiring reliable, efficient operation. Energy rating: A, Efficiency: High.",Power Rating: 800W,Energy Rating: A,Efficiency: High,Brand: True,Category: Restaurant Equipment,Model: rest_fridge_1,Professional installation recommended,Comprehensive warranty included,https://via.placeholder.com/600x400/2d7a5f/ffffff?text=True%20T-49%204-Door%20Commercial%20Refrigerator
rest_fridge_2,Beverage Air BM-23 Commercial Refrigerator,ETL-REST_FRIDGE_2,750,Restaurant Equipment,Beverage Air,750W,rest_fridge_2,A+,High,Professional Restaurant Equipment - Beverage Air Beverage Air BM-23 Commercial Refrigerator. Energy-efficient design with 750W power rating.,"The Beverage Air BM-23 Commercial Refrigerator is a professional-grade Restaurant Equipment designed for maximum efficiency and performance. This Beverage Air product delivers exceptional performance while maintaining low operating costs. Features include advanced technology, intelligent controls, and comprehensive safety systems. Perfect for both commercial and residential applications requiring reliable, efficient operation. Energy rating: A, Efficiency: High.",Power Rating: 750W,Energy Rating: A,Efficiency: High,Brand: Beverage Air,Category: Restaurant Equipment,Model: rest_fridge_2,Professional installation recommended,Comprehensive warranty included,https://via.placeholder.com/600x400/2d7a5f/ffffff?text=Beverage%20Air%20BM-23%20Commercial%20Refrigerator
rest_fridge_3,Hoshizaki KM-500MAJ Commercial Refrigerator,ETL-REST_FRIDGE_3,850,Restaurant Equipment,Hoshizaki,850W,rest_fridge_3,A,Medium,Professional Restaurant Equipment - Hoshizaki Hoshizaki KM-500MAJ Commercial Refrigerator. Energy-efficient design with 850W power rating.,"The Hoshizaki KM-500MAJ Commercial Refrigerator is a professional-grade Restaurant Equipment designed for maximum efficiency and performance. This Hoshizaki product delivers exceptional performance while maintaining low operating costs. Features include advanced technology, intelligent controls, and comprehensive safety systems. Perfect for both commercial and residential applications requiring reliable, efficient operation. Energy rating: A, Efficiency: Medium.",Power Rating: 850W,Energy Rating: A,Efficiency: Medium,Brand: Hoshizaki,Category: Restaurant Equipment,Model: rest_fridge_3,Professional installation recommended,Comprehensive warranty included,https://via.placeholder.com/600x400/2d7a5f/ffffff?text=Hoshizaki%20KM-500MAJ%20Commercial%20Refrigerator
rest_freezer_1,Traulsen G-2 Commercial Freezer,ETL-REST_FREEZER_1,900,Restaurant Equipment,Traulsen,900W,rest_freezer_1,A+,High,Professional Restaurant Equipment - Traulsen Traulsen G-2 Commercial Freezer. Energy-efficient design with 900W power rating.,"The Traulsen G-2 Commercial Freezer is a professional-grade Restaurant Equipment designed for maximum efficiency and performance. This Traulsen product delivers exceptional performance while maintaining low operating costs. Features include advanced technology, intelligent controls, and comprehensive safety systems. Perfect for both commercial and residential applications requiring reliable, efficient operation. Energy rating: A, Efficiency: High.",Power Rating: 900W,Energy Rating: A,Efficiency: High,Brand: Traulsen,Category: Restaurant Equipment,Model: rest_freezer_1,Professional installation recommended,Comprehensive warranty included,https://via.placeholder.com/600x400/2d7a5f/ffffff?text=Traulsen%20G-2%20Commercial%20Freezer
rest_freezer_2,Arctic Air Commercial Freezer,ETL-REST_FREEZER_2,950,Restaurant Equipment,Arctic Air,950W,rest_freezer_2,A,Medium,Professional Restaurant Equipment - Arctic Air Arctic Air Commercial Freezer. Energy-efficient design with 950W power rating.,"The Arctic Air Commercial Freezer is a professional-grade Restaurant Equipment designed for maximum efficiency and performance. This Arctic Air product delivers exceptional performance while maintaining low operating costs. Features include advanced technology, intelligent controls, and comprehensive safety systems. Perfect for both commercial and residential applications requiring reliable, efficient operation. Energy rating: A, Efficiency: Medium.",Power Rating: 950W,Energy Rating: A,Efficiency: Medium,Brand: Arctic Air,Category: Restaurant Equipment,Model: rest_freezer_2,Professional installation recommended,Comprehensive warranty included,https://via.placeholder.com/600x400/2d7a5f/ffffff?text=Arctic%20Air%20Commercial%20Freezer
rest_prep_1,Hobart A200 Commercial Mixer,ETL-REST_PREP_1,200,Restaurant Equipment,Hobart,200W,rest_prep_1,A+,High,Professional Restaurant Equipment - Hobart Hobart A200 Commercial Mixer. Energy-efficient design with 200W power rating.,"The Hobart A200 Commercial Mixer is a professional-grade Restaurant Equipment designed for maximum efficiency and performance. This Hobart product delivers exceptional performance while maintaining low operating costs. Features include advanced technology, intelligent controls, and comprehensive safety systems. Perfect for both commercial and residential applications requiring reliable, efficient operation. Energy rating: A, Efficiency: High.",Power Rating: 200W,Energy Rating: A,Efficiency: High,Brand: Hobart,Category: Restaurant Equipment,Model: rest_prep_1,Professional installation recommended,Comprehensive warranty included,https://via.placeholder.com/600x400/2d7a5f/ffffff?text=Hobart%20A200%20Commercial%20Mixer
rest_prep_2,KitchenAid 5KSM150PSER Stand Mixer,ETL-REST_PREP_2,300,Restaurant Equipment,KitchenAid,300W,rest_prep_2,A+,High,Professional Restaurant Equipment - KitchenAid KitchenAid 5KSM150PSER Stand Mixer. Energy-efficient design with 300W power rating.,"The KitchenAid 5KSM150PSER Stand Mixer is a professional-grade Restaurant Equipment designed for maximum efficiency and performance. This KitchenAid product delivers exceptional performance while maintaining low operating costs. Features include advanced technology, intelligent controls, and comprehensive safety systems. Perfect for both commercial and residential applications requiring reliable, efficient operation. Energy rating: A, Efficiency: High.",Power Rating: 300W,Energy Rating: A,Efficiency: High,Brand: KitchenAid,Category: Restaurant Equipment,Model: rest_prep_2,Professional installation recommended,Comprehensive warranty included,https://via.placeholder.com/600x400/2d7a5f/ffffff?text=KitchenAid%205KSM150PSER%20Stand%20Mixer
rest_prep_3,Cuisinart SM-50 Stand Mixer,ETL-REST_PREP_3,250,Restaurant Equipment,Cuisinart,250W,rest_prep_3,A,Medium,Professional Restaurant Equipment - Cuisinart Cuisinart SM-50 Stand Mixer. Energy-efficient design with 250W power rating.,"The Cuisinart SM-50 Stand Mixer is a professional-grade Restaurant Equipment designed for maximum efficiency and performance. This Cuisinart product delivers exceptional performance while maintaining low operating costs. Features include advanced technology, intelligent controls, and comprehensive safety systems. Perfect for both commercial and residential applications requiring reliable, efficient operation. Energy rating: A, Efficiency: Medium.",Power Rating: 250W,Energy Rating: A,Efficiency: Medium,Brand: Cuisinart,Category: Restaurant Equipment,Model: rest_prep_3,Professional installation recommended,Comprehensive warranty included,https://via.placeholder.com/600x400/2d7a5f/ffffff?text=Cuisinart%20SM-50%20Stand%20Mixer
rest_prep_4,Hamilton Beach Commercial Blender,ETL-REST_PREP_4,400,Restaurant Equipment,Hamilton Beach,400W,rest_prep_4,A,Medium,Professional Restaurant Equipment - Hamilton Beach Hamilton Beach Commercial Blender. Energy-efficient design with 400W power rating.,"The Hamilton Beach Commercial Blender is a professional-grade Restaurant Equipment designed for maximum efficiency and performance. This Hamilton Beach product delivers exceptional performance while maintaining low operating costs. Features include advanced technology, intelligent controls, and comprehensive safety systems. Perfect for both commercial and residential applications requiring reliable, efficient operation. Energy rating: A, Efficiency: Medium.",Power Rating: 400W,Energy Rating: A,Efficiency: Medium,Brand: Hamilton Beach,Category: Restaurant Equipment,Model: rest_prep_4,Professional installation recommended,Comprehensive warranty included,https://via.placeholder.com/600x400/2d7a5f/ffffff?text=Hamilton%20Beach%20Commercial%20Blender
rest_prep_5,Berkel Commercial Meat Slicer,ETL-REST_PREP_5,350,Restaurant Equipment,Berkel,350W,rest_prep_5,A+,High,Professional Restaurant Equipment - Berkel Berkel Commercial Meat Slicer. Energy-efficient design with 350W power rating.,"The Berkel Commercial Meat Slicer is a professional-grade Restaurant Equipment designed for maximum efficiency and performance. This Berkel product delivers exceptional performance while maintaining low operating costs. Features include advanced technology, intelligent controls, and comprehensive safety systems. Perfect for both commercial and residential applications requiring reliable, efficient operation. Energy rating: A, Efficiency: High.",Power Rating: 350W,Energy Rating: A,Efficiency: High,Brand: Berkel,Category: Restaurant Equipment,Model: rest_prep_5,Professional installation recommended,Comprehensive warranty included,https://via.placeholder.com/600x400/2d7a5f/ffffff?text=Berkel%20Commercial%20Meat%20Slicer
office_comp_1,Dell OptiPlex 7090 Desktop,ETL-OFFICE_COMP_1,180,Office Equipment,Dell,180W,office_comp_1,A+,High,Professional Office Equipment - Dell Dell OptiPlex 7090 Desktop. Energy-efficient design with 180W power rating.,"The Dell OptiPlex 7090 Desktop is a professional-grade Office Equipment designed for maximum efficiency and performance. This Dell product delivers exceptional performance while maintaining low operating costs. Features include advanced technology, intelligent controls, and comprehensive safety systems. Perfect for both commercial and residential applications requiring reliable, efficient operation. Energy rating: A, Efficiency: High.",Power Rating: 180W,Energy Rating: A,Efficiency: High,Brand: Dell,Category: Office Equipment,Model: office_comp_1,Professional installation recommended,Comprehensive warranty included,https://via.placeholder.com/600x400/2d7a5f/ffffff?text=Dell%20OptiPlex%207090%20Desktop
office_comp_2,HP EliteDesk 800 G6 Desktop,ETL-OFFICE_COMP_2,200,Office Equipment,HP,200W,office_comp_2,A+,High,Professional Office Equipment - HP HP EliteDesk 800 G6 Desktop. Energy-efficient design with 200W power rating.,"The HP EliteDesk 800 G6 Desktop is a professional-grade Office Equipment designed for maximum efficiency and performance. This HP product delivers exceptional performance while maintaining low operating costs. Features include advanced technology, intelligent controls, and comprehensive safety systems. Perfect for both commercial and residential applications requiring reliable, efficient operation. Energy rating: A, Efficiency: High.",Power Rating: 200W,Energy Rating: A,Efficiency: High,Brand: HP,Category: Office Equipment,Model: office_comp_2,Professional installation recommended,Comprehensive warranty included,https://via.placeholder.com/600x400/2d7a5f/ffffff?text=HP%20EliteDesk%20800%20G6%20Desktop
office_comp_3,Lenovo ThinkCentre M90t Desktop,ETL-OFFICE_COMP_3,190,Office Equipment,Lenovo,190W,office_comp_3,A+,High,Professional Office Equipment - Lenovo Lenovo ThinkCentre M90t Desktop. Energy-efficient design with 190W power rating.,"The Lenovo ThinkCentre M90t Desktop is a professional-grade Office Equipment designed for maximum efficiency and performance. This Lenovo product delivers exceptional performance while maintaining low operating costs. Features include advanced technology, intelligent controls, and comprehensive safety systems. Perfect for both commercial and residential applications requiring reliable, efficient operation. Energy rating: A, Efficiency: High.",Power Rating: 190W,Energy Rating: A,Efficiency: High,Brand: Lenovo,Category: Office Equipment,Model: office_comp_3,Professional installation recommended,Comprehensive warranty included,https://via.placeholder.com/600x400/2d7a5f/ffffff?text=Lenovo%20ThinkCentre%20M90t%20Desktop
office_laptop_1,"MacBook Pro 14"" M1 Pro",ETL-OFFICE_LAPTOP_1,70,Office Equipment,Apple,70W,office_laptop_1,A+,High,"Professional Office Equipment - Apple MacBook Pro 14"" M1 Pro. Energy-efficient design with 70W power rating.","The MacBook Pro 14"" M1 Pro is a professional-grade Office Equipment designed for maximum efficiency and performance. This Apple product delivers exceptional performance while maintaining low operating costs. Features include advanced technology, intelligent controls, and comprehensive safety systems. Perfect for both commercial and residential applications requiring reliable, efficient operation. Energy rating: A, Efficiency: High.",Power Rating: 70W,Energy Rating: A,Efficiency: High,Brand: Apple,Category: Office Equipment,Model: office_laptop_1,Professional installation recommended,Comprehensive warranty included,https://via.placeholder.com/600x400/2d7a5f/ffffff?text=MacBook%20Pro%2014%22%20M1%20Pro
office_laptop_2,Dell XPS 13 9310 Laptop,ETL-OFFICE_LAPTOP_2,60,Office Equipment,Dell,60W,office_laptop_2,A+,High,Professional Office Equipment - Dell Dell XPS 13 9310 Laptop. Energy-efficient design with 60W power rating.,"The Dell XPS 13 9310 Laptop is a professional-grade Office Equipment designed for maximum efficiency and performance. This Dell product delivers exceptional performance while maintaining low operating costs. Features include advanced technology, intelligent controls, and comprehensive safety systems. Perfect for both commercial and residential applications requiring reliable, efficient operation. Energy rating: A, Efficiency: High.",Power Rating: 60W,Energy Rating: A,Efficiency: High,Brand: Dell,Category: Office Equipment,Model: office_laptop_2,Professional installation recommended,Comprehensive warranty included,https://via.placeholder.com/600x400/2d7a5f/ffffff?text=Dell%20XPS%2013%209310%20Laptop
office_laptop_3,"HP Spectre x360 13"" Laptop",ETL-OFFICE_LAPTOP_3,65,Office Equipment,HP,65W,office_laptop_3,A+,High,"Professional Office Equipment - HP HP Spectre x360 13"" Laptop. Energy-efficient design with 65W power rating.","The HP Spectre x360 13"" Laptop is a professional-grade Office Equipment designed for maximum efficiency and performance. This HP product delivers exceptional performance while maintaining low operating costs. Features include advanced technology, intelligent controls, and comprehensive safety systems. Perfect for both commercial and residential applications requiring reliable, efficient operation. Energy rating: A, Efficiency: High.",Power Rating: 65W,Energy Rating: A,Efficiency: High,Brand: HP,Category: Office Equipment,Model: office_laptop_3,Professional installation recommended,Comprehensive warranty included,https://via.placeholder.com/600x400/2d7a5f/ffffff?text=HP%20Spectre%20x360%2013%22%20Laptop
office_printer_1,HP LaserJet Pro M404n Printer,ETL-OFFICE_PRINTER_1,350,Office Equipment,HP,350W,office_printer_1,A+,High,Professional Office Equipment - HP HP LaserJet Pro M404n Printer. Energy-efficient design with 350W power rating.,"The HP LaserJet Pro M404n Printer is a professional-grade Office Equipment designed for maximum efficiency and performance. This HP product delivers exceptional performance while maintaining low operating costs. Features include advanced technology, intelligent controls, and comprehensive safety systems. Perfect for both commercial and residential applications requiring reliable, efficient operation. Energy rating: A, Efficiency: High.",Power Rating: 350W,Energy Rating: A,Efficiency: High,Brand: HP,Category: Office Equipment,Model: office_printer_1,Professional installation recommended,Comprehensive warranty included,https://via.placeholder.com/600x400/2d7a5f/ffffff?text=HP%20LaserJet%20Pro%20M404n%20Printer
office_printer_2,Canon imageRUNNER ADVANCE C3530 Printer,ETL-OFFICE_PRINTER_2,450,Office Equipment,Canon,450W,office_printer_2,A,Medium,Professional Office Equipment - Canon Canon imageRUNNER ADVANCE C3530 Printer. Energy-efficient design with 450W power rating.,"The Canon imageRUNNER ADVANCE C3530 Printer is a professional-grade Office Equipment designed for maximum efficiency and performance. This Canon product delivers exceptional performance while maintaining low operating costs. Features include advanced technology, intelligent controls, and comprehensive safety systems. Perfect for both commercial and residential applications requiring reliable, efficient operation. Energy rating: A, Efficiency: Medium.",Power Rating: 450W,Energy Rating: A,Efficiency: Medium,Brand: Canon,Category: Office Equipment,Model: office_printer_2,Professional installation recommended,Comprehensive warranty included,https://via.placeholder.com/600x400/2d7a5f/ffffff?text=Canon%20imageRUNNER%20ADVANCE%20C3530%20Printer
office_monitor_1,"Dell UltraSharp U2720Q 27"" Monitor",ETL-OFFICE_MONITOR_1,25,Office Equipment,Dell,25W,office_monitor_1,A+,High,"Professional Office Equipment - Dell Dell UltraSharp U2720Q 27"" Monitor. Energy-efficient design with 25W power rating.","The Dell UltraSharp U2720Q 27"" Monitor is a professional-grade Office Equipment designed for maximum efficiency and performance. This Dell product delivers exceptional performance while maintaining low operating costs. Features include advanced technology, intelligent controls, and comprehensive safety systems. Perfect for both commercial and residential applications requiring reliable, efficient operation. Energy rating: A, Efficiency: High.",Power Rating: 25W,Energy Rating: A,Efficiency: High,Brand: Dell,Category: Office Equipment,Model: office_monitor_1,Professional installation recommended,Comprehensive warranty included,https://via.placeholder.com/600x400/2d7a5f/ffffff?text=Dell%20UltraSharp%20U2720Q%2027%22%20Monitor
office_monitor_2,"LG 27UL850-W 27"" Monitor",ETL-OFFICE_MONITOR_2,30,Office Equipment,LG,30W,office_monitor_2,A+,High,"Professional Office Equipment - LG LG 27UL850-W 27"" Monitor. Energy-efficient design with 30W power rating.","The LG 27UL850-W 27"" Monitor is a professional-grade Office Equipment designed for maximum efficiency and performance. This LG product delivers exceptional performance while maintaining low operating costs. Features include advanced technology, intelligent controls, and comprehensive safety systems. Perfect for both commercial and residential applications requiring reliable, efficient operation. Energy rating: A, Efficiency: High.",Power Rating: 30W,Energy Rating: A,Efficiency: High,Brand: LG,Category: Office Equipment,Model: office_monitor_2,Professional installation recommended,Comprehensive warranty included,https://via.placeholder.com/600x400/2d7a5f/ffffff?text=LG%2027UL850-W%2027%22%20Monitor
office_network_1,Cisco Catalyst 2960 Switch,ETL-OFFICE_NETWORK_1,15,Office Equipment,Cisco,15W,office_network_1,A+,High,Professional Office Equipment - Cisco Cisco Catalyst 2960 Switch. Energy-efficient design with 15W power rating.,"The Cisco Catalyst 2960 Switch is a professional-grade Office Equipment designed for maximum efficiency and performance. This Cisco product delivers exceptional performance while maintaining low operating costs. Features include advanced technology, intelligent controls, and comprehensive safety systems. Perfect for both commercial and residential applications requiring reliable, efficient operation. Energy rating: A, Efficiency: High.",Power Rating: 15W,Energy Rating: A,Efficiency: High,Brand: Cisco,Category: Office Equipment,Model: office_network_1,Professional installation recommended,Comprehensive warranty included,https://via.placeholder.com/600x400/2d7a5f/ffffff?text=Cisco%20Catalyst%202960%20Switch
office_network_2,Netgear GS108 Switch,ETL-OFFICE_NETWORK_2,8,Office Equipment,Netgear,8W,office_network_2,A+,High,Professional Office Equipment - Netgear Netgear GS108 Switch. Energy-efficient design with 8W power rating.,"The Netgear GS108 Switch is a professional-grade Office Equipment designed for maximum efficiency and performance. This Netgear product delivers exceptional performance while maintaining low operating costs. Features include advanced technology, intelligent controls, and comprehensive safety systems. Perfect for both commercial and residential applications requiring reliable, efficient operation. Energy rating: A, Efficiency: High.",Power Rating: 8W,Energy Rating: A,Efficiency: High,Brand: Netgear,Category: Office Equipment,Model: office_network_2,Professional installation recommended,Comprehensive warranty included,https://via.placeholder.com/600x400/2d7a5f/ffffff?text=Netgear%20GS108%20Switch
etl_8_86515,Prefect Irus,ETL-ETL_8_86515,,ETL Technology,Prefect Controls Ltd,YesW,etl_8_86515,Yes,High,Professional ETL Technology - Prefect Controls Ltd Prefect Irus. Energy-efficient design with YesW power rating.,"The Prefect Irus is a professional-grade ETL Technology designed for maximum efficiency and performance. This Prefect Controls Ltd product delivers exceptional performance while maintaining low operating costs. Features include advanced technology, intelligent controls, and comprehensive safety systems. Perfect for both commercial and residential applications requiring reliable, efficient operation. Energy rating: A, Efficiency: High.",Power Rating: YesW,Energy Rating: A,Efficiency: High,Brand: Prefect Controls Ltd,Category: ETL Technology,Model: etl_8_86515,Professional installation recommended,Comprehensive warranty included,https://via.placeholder.com/600x400/2d7a5f/ffffff?text=Prefect%20Irus
etl_11_86407,Asynchronous IE4 motor (230V),ETL-ETL_11_86407,,ETL Technology,NORD Gear Ltd,0.12W,etl_11_86407,70.4,High,Professional ETL Technology - NORD Gear Ltd Asynchronous IE4 motor (230V). Energy-efficient design with 0.12W power rating.,"The Asynchronous IE4 motor (230V) is a professional-grade ETL Technology designed for maximum efficiency and performance. This NORD Gear Ltd product delivers exceptional performance while maintaining low operating costs. Features include advanced technology, intelligent controls, and comprehensive safety systems. Perfect for both commercial and residential applications requiring reliable, efficient operation. Energy rating: A, Efficiency: High.",Power Rating: 0.12W,Energy Rating: A,Efficiency: High,Brand: NORD Gear Ltd,Category: ETL Technology,Model: etl_11_86407,Professional installation recommended,Comprehensive warranty included,https://img.etl.energysecurity.gov.uk/200x/f58R73_otuGSJH45
etl_11_86537,SK 550P-222-340-A,ETL-ETL_11_86537,22,ETL Technology,NORD Gear Ltd,22W,etl_11_86537,22,High,Professional ETL Technology - NORD Gear Ltd SK 550P-222-340-A. Energy-efficient design with 22W power rating.,"The SK 550P-222-340-A is a professional-grade ETL Technology designed for maximum efficiency and performance. This NORD Gear Ltd product delivers exceptional performance while maintaining low operating costs. Features include advanced technology, intelligent controls, and comprehensive safety systems. Perfect for both commercial and residential applications requiring reliable, efficient operation. Energy rating: A, Efficiency: High.",Power Rating: 22W,Energy Rating: A,Efficiency: High,Brand: NORD Gear Ltd,Category: ETL Technology,Model: etl_11_86537,Professional installation recommended,Comprehensive warranty included,https://img.etl.energysecurity.gov.uk/200x/f2esPt_o8uS6jnDn
etl_11_86536,SK 550P-182-340-A,ETL-ETL_11_86536,19,ETL Technology,NORD Gear Ltd,18.5W,etl_11_86536,18.5,High,Professional ETL Technology - NORD Gear Ltd SK 550P-182-340-A. Energy-efficient design with 18.5W power rating.,"The SK 550P-182-340-A is a professional-grade ETL Technology designed for maximum efficiency and performance. This NORD Gear Ltd product delivers exceptional performance while maintaining low operating costs. Features include advanced technology, intelligent controls, and comprehensive safety systems. Perfect for both commercial and residential applications requiring reliable, efficient operation. Energy rating: A, Efficiency: High.",Power Rating: 18.5W,Energy Rating: A,Efficiency: High,Brand: NORD Gear Ltd,Category: ETL Technology,Model: etl_11_86536,Professional installation recommended,Comprehensive warranty included,https://img.etl.energysecurity.gov.uk/200x/f2esJG_o8uS6jnDn
etl_11_86535,SK 550P-152-340-A,ETL-ETL_11_86535,15,ETL Technology,NORD Gear Ltd,15W,etl_11_86535,15,High,Professional ETL Technology - NORD Gear Ltd SK 550P-152-340-A. Energy-efficient design with 15W power rating.,"The SK 550P-152-340-A is a professional-grade ETL Technology designed for maximum efficiency and performance. This NORD Gear Ltd product delivers exceptional performance while maintaining low operating costs. Features include advanced technology, intelligent controls, and comprehensive safety systems. Perfect for both commercial and residential applications requiring reliable, efficient operation. Energy rating: A, Efficiency: High.",Power Rating: 15W,Energy Rating: A,Efficiency: High,Brand: NORD Gear Ltd,Category: ETL Technology,Model: etl_11_86535,Professional installation recommended,Comprehensive warranty included,https://img.etl.energysecurity.gov.uk/200x/f2esIK_o8uS6jnDn
etl_11_86534,SK 550P-112-340-A,ETL-ETL_11_86534,11,ETL Technology,NORD Gear Ltd,11W,etl_11_86534,11,High,Professional ETL Technology - NORD Gear Ltd SK 550P-112-340-A. Energy-efficient design with 11W power rating.,"The SK 550P-112-340-A is a professional-grade ETL Technology designed for maximum efficiency and performance. This NORD Gear Ltd product delivers exceptional performance while maintaining low operating costs. Features include advanced technology, intelligent controls, and comprehensive safety systems. Perfect for both commercial and residential applications requiring reliable, efficient operation. Energy rating: A, Efficiency: High.",Power Rating: 11W,Energy Rating: A,Efficiency: High,Brand: NORD Gear Ltd,Category: ETL Technology,Model: etl_11_86534,Professional installation recommended,Comprehensive warranty included,https://img.etl.energysecurity.gov.uk/200x/f2esHT_o8uS6jnDn
etl_11_86533,SK 550P-751-340-A,ETL-ETL_11_86533,8,ETL Technology,NORD Gear Ltd,7.5W,etl_11_86533,7.5,High,Professional ETL Technology - NORD Gear Ltd SK 550P-751-340-A. Energy-efficient design with 7.5W power rating.,"The SK 550P-751-340-A is a professional-grade ETL Technology designed for maximum efficiency and performance. This NORD Gear Ltd product delivers exceptional performance while maintaining low operating costs. Features include advanced technology, intelligent controls, and comprehensive safety systems. Perfect for both commercial and residential applications requiring reliable, efficient operation. Energy rating: A, Efficiency: High.",Power Rating: 7.5W,Energy Rating: A,Efficiency: High,Brand: NORD Gear Ltd,Category: ETL Technology,Model: etl_11_86533,Professional installation recommended,Comprehensive warranty included,https://img.etl.energysecurity.gov.uk/200x/f2erGX_o8uS6jnDn
etl_11_86532,SK 550P-551-340-A,ETL-ETL_11_86532,6,ETL Technology,NORD Gear Ltd,5.5W,etl_11_86532,5.5,High,Professional ETL Technology - NORD Gear Ltd SK 550P-551-340-A. Energy-efficient design with 5.5W power rating.,"The SK 550P-551-340-A is a professional-grade ETL Technology designed for maximum efficiency and performance. This NORD Gear Ltd product delivers exceptional performance while maintaining low operating costs. Features include advanced technology, intelligent controls, and comprehensive safety systems. Perfect for both commercial and residential applications requiring reliable, efficient operation. Energy rating: A, Efficiency: High.",Power Rating: 5.5W,Energy Rating: A,Efficiency: High,Brand: NORD Gear Ltd,Category: ETL Technology,Model: etl_11_86532,Professional installation recommended,Comprehensive warranty included,https://img.etl.energysecurity.gov.uk/200x/f2erFK_o8uS6jnDn
etl_11_86531,SK 550P-401-340-A,ETL-ETL_11_86531,4,ETL Technology,NORD Gear Ltd,4W,etl_11_86531,4,High,Professional ETL Technology - NORD Gear Ltd SK 550P-401-340-A. Energy-efficient design with 4W power rating.,"The SK 550P-401-340-A is a professional-grade ETL Technology designed for maximum efficiency and performance. This NORD Gear Ltd product delivers exceptional performance while maintaining low operating costs. Features include advanced technology, intelligent controls, and comprehensive safety systems. Perfect for both commercial and residential applications requiring reliable, efficient operation. Energy rating: A, Efficiency: High.",Power Rating: 4W,Energy Rating: A,Efficiency: High,Brand: NORD Gear Ltd,Category: ETL Technology,Model: etl_11_86531,Professional installation recommended,Comprehensive warranty included,https://img.etl.energysecurity.gov.uk/200x/f2erEZ_o8uS6jnDn
etl_11_86530,SK 550P-301-340-A,ETL-ETL_11_86530,3,ETL Technology,NORD Gear Ltd,3W,etl_11_86530,3,High,Professional ETL Technology - NORD Gear Ltd SK 550P-301-340-A. Energy-efficient design with 3W power rating.,"The SK 550P-301-340-A is a professional-grade ETL Technology designed for maximum efficiency and performance. This NORD Gear Ltd product delivers exceptional performance while maintaining low operating costs. Features include advanced technology, intelligent controls, and comprehensive safety systems. Perfect for both commercial and residential applications requiring reliable, efficient operation. Energy rating: A, Efficiency: High.",Power Rating: 3W,Energy Rating: A,Efficiency: High,Brand: NORD Gear Ltd,Category: ETL Technology,Model: etl_11_86530,Professional installation recommended,Comprehensive warranty included,https://img.etl.energysecurity.gov.uk/200x/f1xnxI_o8uS6jnDn
etl_11_86524,SK 550P-370-340-A,ETL-ETL_11_86524,,ETL Technology,NORD Gear Ltd,0.37W,etl_11_86524,0.37,High,Professional ETL Technology - NORD Gear Ltd SK 550P-370-340-A. Energy-efficient design with 0.37W power rating.,"The SK 550P-370-340-A is a professional-grade ETL Technology designed for maximum efficiency and performance. This NORD Gear Ltd product delivers exceptional performance while maintaining low operating costs. Features include advanced technology, intelligent controls, and comprehensive safety systems. Perfect for both commercial and residential applications requiring reliable, efficient operation. Energy rating: A, Efficiency: High.",Power Rating: 0.37W,Energy Rating: A,Efficiency: High,Brand: NORD Gear Ltd,Category: ETL Technology,Model: etl_11_86524,Professional installation recommended,Comprehensive warranty included,https://img.etl.energysecurity.gov.uk/200x/f8wydc_ocuRrlxgR
etl_11_86523,SK 550P-250-340-A,ETL-ETL_11_86523,,ETL Technology,NORD Gear Ltd,0.25W,etl_11_86523,0.25,High,Professional ETL Technology - NORD Gear Ltd SK 550P-250-340-A. Energy-efficient design with 0.25W power rating.,"The SK 550P-250-340-A is a professional-grade ETL Technology designed for maximum efficiency and performance. This NORD Gear Ltd product delivers exceptional performance while maintaining low operating costs. Features include advanced technology, intelligent controls, and comprehensive safety systems. Perfect for both commercial and residential applications requiring reliable, efficient operation. Energy rating: A, Efficiency: High.",Power Rating: 0.25W,Energy Rating: A,Efficiency: High,Brand: NORD Gear Ltd,Category: ETL Technology,Model: etl_11_86523,Professional installation recommended,Comprehensive warranty included,https://img.etl.energysecurity.gov.uk/200x/f8wycb_ocuRrlxgR
etl_11_86522,SK 550P-221-123-A,ETL-ETL_11_86522,2,ETL Technology,NORD Gear Ltd,2.2W,etl_11_86522,2.2,High,Professional ETL Technology - NORD Gear Ltd SK 550P-221-123-A. Energy-efficient design with 2.2W power rating.,"The SK 550P-221-123-A is a professional-grade ETL Technology designed for maximum efficiency and performance. This NORD Gear Ltd product delivers exceptional performance while maintaining low operating costs. Features include advanced technology, intelligent controls, and comprehensive safety systems. Perfect for both commercial and residential applications requiring reliable, efficient operation. Energy rating: A, Efficiency: High.",Power Rating: 2.2W,Energy Rating: A,Efficiency: High,Brand: NORD Gear Ltd,Category: ETL Technology,Model: etl_11_86522,Professional installation recommended,Comprehensive warranty included,https://img.etl.energysecurity.gov.uk/200x/f8wy8C_ocuRrlxgR
etl_11_86529,SK 550P-221-340-A,ETL-ETL_11_86529,2,ETL Technology,NORD Gear Ltd,2.2W,etl_11_86529,2.2,High,Professional ETL Technology - NORD Gear Ltd SK 550P-221-340-A. Energy-efficient design with 2.2W power rating.,"The SK 550P-221-340-A is a professional-grade ETL Technology designed for maximum efficiency and performance. This NORD Gear Ltd product delivers exceptional performance while maintaining low operating costs. Features include advanced technology, intelligent controls, and comprehensive safety systems. Perfect for both commercial and residential applications requiring reliable, efficient operation. Energy rating: A, Efficiency: High.",Power Rating: 2.2W,Energy Rating: A,Efficiency: High,Brand: NORD Gear Ltd,Category: ETL Technology,Model: etl_11_86529,Professional installation recommended,Comprehensive warranty included,https://img.etl.energysecurity.gov.uk/200x/f1xnvb_o8uS6jnDn
etl_11_86528,SK 550P-151-340-A,ETL-ETL_11_86528,2,ETL Technology,NORD Gear Ltd,1.5W,etl_11_86528,1.5,High,Professional ETL Technology - NORD Gear Ltd SK 550P-151-340-A. Energy-efficient design with 1.5W power rating.,"The SK 550P-151-340-A is a professional-grade ETL Technology designed for maximum efficiency and performance. This NORD Gear Ltd product delivers exceptional performance while maintaining low operating costs. Features include advanced technology, intelligent controls, and comprehensive safety systems. Perfect for both commercial and residential applications requiring reliable, efficient operation. Energy rating: A, Efficiency: High.",Power Rating: 1.5W,Energy Rating: A,Efficiency: High,Brand: NORD Gear Ltd,Category: ETL Technology,Model: etl_11_86528,Professional installation recommended,Comprehensive warranty included,https://img.etl.energysecurity.gov.uk/200x/f1xntK_o8uS6jnDn
